﻿<File_List name="Qr.cwproj" version="1">
  <Opened_Files>
    <file name="C:\BSQRC11\CLW\ABBROWSE.OBJ" />
    <file name="C:\BSQRC11\CLW\ABEIP.OBJ" />
    <file name="C:\BSQRC11\CLW\ABEIP.RSC" />
    <file name="C:\BSQRC11\CLW\ABERROR.OBJ" />
    <file name="C:\BSQRC11\CLW\ABERROR.RSC" />
    <file name="C:\BSQRC11\CLW\ABFILE.OBJ" />
    <file name="C:\BSQRC11\CLW\ABFUZZY.OBJ" />
    <file name="C:\BSQRC11\CLW\ABPOPUP.OBJ" />
    <file name="C:\BSQRC11\CLW\ABPOPUP.RSC" />
    <file name="C:\BSQRC11\CLW\ABQUERY.OBJ" />
    <file name="C:\BSQRC11\CLW\ABQUERY.RSC" />
    <file name="C:\BSQRC11\CLW\ABRESIZE.OBJ" />
    <file name="C:\BSQRC11\CLW\ABTOOLBA.OBJ" />
    <file name="C:\BSQRC11\CLW\ABUTIL.OBJ" />
    <file name="C:\BSQRC11\CLW\ABUTIL.RSC" />
    <file name="C:\BSQRC11\CLW\ABVCRFRM.OBJ" />
    <file name="C:\BSQRC11\CLW\ABWINDOW.OBJ" />
    <file name="C:\BSQRC11\CLW\CWSYNCHC.OBJ" />
    <file name="C:\BSQRC11\CLW\JFILES.OBJ" />
    <file name="C:\BSQRC11\CLW\QR.CLW" />
    <file name="C:\BSQRC11\CLW\QR.OBJ" />
    <file name="C:\BSQRC11\CLW\QR_BC.CLW" />
    <file name="C:\BSQRC11\CLW\QR_BC.OBJ" />
    <file name="C:\BSQRC11\CLW\QR_BC0.CLW" />
    <file name="C:\BSQRC11\CLW\QR_BC0.OBJ" />
    <file name="C:\BSQRC11\CLW\QR002.CLW" />
    <file name="C:\BSQRC11\CLW\QR002.INC" />
    <file name="C:\BSQRC11\CLW\QR002.OBJ" />
    <file name="C:\BSQRC11\CLW\STRINGTHEORY.OBJ" />
    <file name="C:\BSQRC11\QR.EXE" />
    <file name="C:\BSQRC11\QR.EXP" />
    <file name="C:\BSQRC11\QR.LNK" />
    <file name="C:\CLARION11\ACCESSORY\LIBSRC\WIN\JFILES.CLW" />
    <file name="C:\CLARION11\ACCESSORY\LIBSRC\WIN\JFILES.INC" />
    <file name="C:\CLARION11\ACCESSORY\LIBSRC\WIN\STRINGTHEORY.CLW" />
    <file name="C:\CLARION11\ACCESSORY\LIBSRC\WIN\STRINGTHEORY.INC" />
    <file name="C:\CLARION11\IMAGES\ABDNROW.ICO" />
    <file name="C:\CLARION11\IMAGES\ABUPROW.ICO" />
    <file name="C:\CLARION11\IMAGES\MINICAL.ICO" />
    <file name="C:\CLARION11\IMAGES\MINICANCEL.ICO" />
    <file name="C:\CLARION11\IMAGES\MINIOK.ICO" />
    <file name="C:\CLARION11\IMAGES\VCRDOWN.ICO" />
    <file name="C:\CLARION11\IMAGES\VCRFIRST.ICO" />
    <file name="C:\CLARION11\IMAGES\VCRLAST.ICO" />
    <file name="C:\CLARION11\IMAGES\VCRNEXT.ICO" />
    <file name="C:\CLARION11\IMAGES\VCRPRIOR.ICO" />
    <file name="C:\CLARION11\IMAGES\VCRUP.ICO" />
    <file name="C:\CLARION11\LIB\CLAASC.LIB" />
    <file name="C:\CLARION11\LIB\CLARUN.LIB" />
    <file name="C:\CLARION11\LIB\CLATPS.LIB" />
    <file name="C:\CLARION11\LIB\IEXE32.OBJ" />
    <file name="C:\CLARION11\LIB\WIN32.LIB" />
    <file name="C:\CLARION11\LIBSRC\WIN\ABBROWSE.CLW" />
    <file name="C:\CLARION11\LIBSRC\WIN\ABBROWSE.EQU" />
    <file name="C:\CLARION11\LIBSRC\WIN\ABBROWSE.INC" />
    <file name="C:\CLARION11\LIBSRC\WIN\ABBROWSE.TRN" />
    <file name="C:\CLARION11\LIBSRC\WIN\ABEIP.CLW" />
    <file name="C:\CLARION11\LIBSRC\WIN\ABEIP.INC" />
    <file name="C:\CLARION11\LIBSRC\WIN\ABEIP.TRN" />
    <file name="C:\CLARION11\LIBSRC\WIN\ABERROR.CLW" />
    <file name="C:\CLARION11\LIBSRC\WIN\ABERROR.INC" />
    <file name="C:\CLARION11\LIBSRC\WIN\ABERROR.TRN" />
    <file name="C:\CLARION11\LIBSRC\WIN\ABFILE.CLW" />
    <file name="C:\CLARION11\LIBSRC\WIN\ABFILE.EQU" />
    <file name="C:\CLARION11\LIBSRC\WIN\ABFILE.INC" />
    <file name="C:\CLARION11\LIBSRC\WIN\ABFUZZY.CLW" />
    <file name="C:\CLARION11\LIBSRC\WIN\ABFUZZY.INC" />
    <file name="C:\CLARION11\LIBSRC\WIN\ABPOPUP.CLW" />
    <file name="C:\CLARION11\LIBSRC\WIN\ABPOPUP.INC" />
    <file name="C:\CLARION11\LIBSRC\WIN\ABPOPUP.TRN" />
    <file name="C:\CLARION11\LIBSRC\WIN\ABQUERY.CLW" />
    <file name="C:\CLARION11\LIBSRC\WIN\ABQUERY.INC" />
    <file name="C:\CLARION11\LIBSRC\WIN\ABQUERY.TRN" />
    <file name="C:\CLARION11\LIBSRC\WIN\ABRESIZE.CLW" />
    <file name="C:\CLARION11\LIBSRC\WIN\ABRESIZE.EQU" />
    <file name="C:\CLARION11\LIBSRC\WIN\ABRESIZE.INC" />
    <file name="C:\CLARION11\LIBSRC\WIN\ABTOOLBA.CLW" />
    <file name="C:\CLARION11\LIBSRC\WIN\ABTOOLBA.EQU" />
    <file name="C:\CLARION11\LIBSRC\WIN\ABTOOLBA.INC" />
    <file name="C:\CLARION11\LIBSRC\WIN\ABTOOLBA.TRN" />
    <file name="C:\CLARION11\LIBSRC\WIN\ABUTIL.CLW" />
    <file name="C:\CLARION11\LIBSRC\WIN\ABUTIL.INC" />
    <file name="C:\CLARION11\LIBSRC\WIN\ABUTIL.TRN" />
    <file name="C:\CLARION11\LIBSRC\WIN\ABUTILUI.INC" />
    <file name="C:\CLARION11\LIBSRC\WIN\ABVCRFRM.CLW" />
    <file name="C:\CLARION11\LIBSRC\WIN\ABVCRFRM.INC" />
    <file name="C:\CLARION11\LIBSRC\WIN\ABWINDOW.CLW" />
    <file name="C:\CLARION11\LIBSRC\WIN\ABWINDOW.INC" />
    <file name="C:\CLARION11\LIBSRC\WIN\BUILTINS.CLW" />
    <file name="C:\CLARION11\LIBSRC\WIN\CWSYNCH.INT" />
    <file name="C:\CLARION11\LIBSRC\WIN\CWSYNCHC.CLW" />
    <file name="C:\CLARION11\LIBSRC\WIN\CWSYNCHC.INC" />
    <file name="C:\CLARION11\LIBSRC\WIN\CWSYNCHM.INC" />
    <file name="C:\CLARION11\LIBSRC\WIN\EQUATES.CLW" />
    <file name="C:\CLARION11\LIBSRC\WIN\ERRORS.CLW" />
    <file name="C:\CLARION11\LIBSRC\WIN\FILECB.INC" />
    <file name="C:\CLARION11\LIBSRC\WIN\KEYCODES.CLW" />
    <file name="C:\CLARION11\LIBSRC\WIN\PROPERTY.CLW" />
  </Opened_Files>
  <Created_Files>
    <file name="C:\BSQRC11\CLAASC.DLL" />
    <file name="C:\BSQRC11\CLARUN.DLL" />
    <file name="C:\BSQRC11\CLATPS.DLL" />
    <file name="C:\BSQRC11\CLW\ABBROWSE.OBJ" />
    <file name="C:\BSQRC11\CLW\ABEIP.OBJ" />
    <file name="C:\BSQRC11\CLW\ABERROR.OBJ" />
    <file name="C:\BSQRC11\CLW\ABFILE.OBJ" />
    <file name="C:\BSQRC11\CLW\ABFUZZY.OBJ" />
    <file name="C:\BSQRC11\CLW\ABPOPUP.OBJ" />
    <file name="C:\BSQRC11\CLW\ABQUERY.OBJ" />
    <file name="C:\BSQRC11\CLW\ABRESIZE.OBJ" />
    <file name="C:\BSQRC11\CLW\ABTOOLBA.OBJ" />
    <file name="C:\BSQRC11\CLW\ABUTIL.OBJ" />
    <file name="C:\BSQRC11\CLW\ABVCRFRM.OBJ" />
    <file name="C:\BSQRC11\CLW\ABWINDOW.OBJ" />
    <file name="C:\BSQRC11\CLW\CWSYNCHC.OBJ" />
    <file name="C:\BSQRC11\CLW\JFILES.OBJ" />
    <file name="C:\BSQRC11\CLW\QR.MAP" />
    <file name="C:\BSQRC11\CLW\QR.OBJ" />
    <file name="C:\BSQRC11\CLW\QR_BC.OBJ" />
    <file name="C:\BSQRC11\CLW\QR_BC0.OBJ" />
    <file name="C:\BSQRC11\CLW\QR002.OBJ" />
    <file name="C:\BSQRC11\CLW\STRINGTHEORY.OBJ" />
    <file name="C:\BSQRC11\QR.EXE" />
    <file name="C:\BSQRC11\ZLIBWAPI.DLL" />
  </Created_Files>
  <ToCopy_Files>
    <file name="CLAASC.DLL" />
    <file name="CLARUN.DLL" />
    <file name="CLATPS.DLL" />
  </ToCopy_Files>
</File_List>